text_chunk,embedding
Machine learning is a subset of AI that uses data to learn.,"[0.23726077207024798, 0.24911175017525533, 0.568247945600044, 0.7702587208508794, 0.07744676948360274]"
Deep learning involves neural networks with many layers.,"[0.03362752508730682, 0.9868455968471892, 0.6901061349297629, 0.6015702968298421, 0.6101811684130858]"
"Data science combines domain expertise, programming, and statistics.","[0.6111615810353733, 0.22557930263645964, 0.9493908343064005, 0.19026377606669853, 0.12522070176710276]"
Neural networks are inspired by the human brain.,"[0.8732168292169405, 0.2602962751897461, 0.9705399106245663, 0.21426720029731072, 0.18502521900106828]"
